ID281611,Willa Hollow,Small Granite Shoes,1,Bernhard LLC
ID370022,Williamson Ports,Enormous Marble Clock,1,Beahan-Conroy
ID138898,Daija Vista,Practical Paper Coat,3,Parker LLC
ID852640,Mallory Mountain,Synergistic Bronze Table,1,Raynor-Hansen
ID935116,Williamson Ports,Small Linen Keyboard,3,Hilll-Gorczany
ID123481,Daija Vista,Small Granite Shoes,2,Rowe and Legros
ID495332,Roger Centers,Intelligent Copper Knife,1,Beahan-Conroy
ID902156,Willa Hollow,Enormous Marble Clock,1,Bernhard LLC
ID312081,Cora Cliffs,Intelligent Copper Knife,2,Beahan-Conroy
ID717243,Olson Harbors,Intelligent Copper Knife,4,Parker LLC
ID617199,Willa Hollow,Intelligent Granite Watch,4,Beahan-Conroy
ID183830,Willa Hollow,Synergistic Bronze Table,4,Raynor-Hansen
ID128936,Olson Harbors,Sleek Wooden Clock,4,Kunze-Bernhard
ID160116,Carmen View,Synergistic Bronze Table,1,Kunze-Bernhard
ID914612,Willard Vista,Enormous Marble Clock,2,Bernhard LLC